[
  {
    "serviceName": "Admin Service",
    "serviceApi": [
      {
        "description": "Agencies",
        "api": "api/admin/v1/agencies.json"
      },
      {
        "description": "Corrections route returns all eCFR corrections",
        "api": "api/admin/v1/corrections.json"
      },
      {
        "description": "Corrections title route returns all corrections for the supplied title",
        "api": "api/admin/v1/corrections/title/{title}.json"
      }
    ]
  },
  {
    "serviceName": "Search Service",
    "serviceApi": [
      {
        "description": "Search results",
        "api": "api/search/v1/results"
      },
      {
        "description": "Search result count",
        "api": "api/search/v1/count"
      },
      {
        "description": "Search summary details",
        "api": "api/search/v1/summary"
      },
      {
        "description": "Search result counts by date",
        "api": "api/search/v1/counts/daily"
      },
      {
        "description": "Search result counts by title",
        "api": "api/search/v1/counts/titles"
      },
      {
        "description": "Search result counts by hierarchy",
        "api": "api/search/v1/counts/hierarchy"
      },
      {
        "description": "Search suggestions",
        "api": "api/search/v1/suggestions"
      }
    ]
  },
  {
    "serviceName": "Versioner Service",
    "serviceApi": [
      {
        "description": "Ancestors route returns all ancestors",
        "api": "api/versioner/v1/ancestry/{date}/title-{title}.json"
      },
      {
        "description": "Source XML for a title or subset of a title",
        "api": "api/versioner/v1/full/{date}/title-{title}.xml"
      },
      {
        "description": "Structure JSON for a title",
        "api": "api/versioner/v1/structure/{date}/title-{title}.json"
      },
      {
        "description": "Summary information about each title",
        "api": "api/versioner/v1/titles.json"
      },
      {
        "description": "Returns an array of all sections and appendices inside a title",
        "api": "api/versioner/v1/versions/title-{title}.json"
      }
    ]
  }
]