[
  {
    "serviceName": "Admin Service",
    "serviceApi": [
      {
        "description": "Agencies",
        "api": "api/v2/Admin_Service.Agencies"
      },
      {
        "description": "Corrections route returns all eCFR corrections",
        "api": "api/v2/Admin_Service.Corrections_route_returns_all_eCFR_corrections"
      },
      {
        "description": "Corrections title route returns all corrections for the supplied title",
        "api": "api/admin/v1/corrections/title/{title}.json"
      }
    ]
  },
  {
    "serviceName": "Search Service",
    "serviceApi": [
      {
        "description": "Search results",
        "api": "api/v2/Search_Service.Search_results"
      },
      {
        "description": "Search result count",
        "api": "api/v2/Search_Service.Search_result_count"
      },
      {
        "description": "Search summary details",
        "api": "api/v2/Search_Service.Search_summary_details"
      },
      {
        "description": "Search result counts by date",
        "api": "api/v2/Search_Service.Search_result_counts_by_date"
      },
      {
        "description": "Search result counts by title",
        "api": "api/v2/Search_Service.Search_result_counts_by_title"
      },
      {
        "description": "Search result counts by hierarchy",
        "api": "api/v2/Search_Service.Search_result_counts_by_hierarchy"
      },
      {
        "description": "Search suggestions",
        "api": "api/v2/Search_Service.Search_suggestions"
      }
    ]
  },
  {
    "serviceName": "Versioner Service",
    "serviceApi": [
      {
        "description": "Ancestors route returns all ancestors",
        "api": "api/versioner/v1/ancestry/{date}/title-{title}.json"
      },
      {
        "description": "Source XML for a title or subset of a title",
        "api": "api/versioner/v1/full/{date}/title-{title}.xml"
      },
      {
        "description": "Structure JSON for a title",
        "api": "api/versioner/v1/structure/{date}/title-{title}.json"
      },
      {
        "description": "Summary information about each title",
        "api": "api/v2/Versioner_Service.Summary_information_about_each_title"
      },
      {
        "description": "Returns an array of all sections and appendices inside a title",
        "api": "api/versioner/v1/versions/title-{title}.json"
      }
    ]
  },
  {
    "serviceName": "Historical Changes, Agencies Word(s) Count, Agencies Check Sum",
    "serviceApi": [
      {
        "description": "Run Statistical Report",
        "api": "api/v2/report/statisticReport"
      }
    ]
  }
]