<Configuration>
	<Appenders>
		<Console name="LogToConsole" target="SYSTEM_OUT">
			<PatternLayout
				pattern="%d{HH:mm:ss.SSS} [%t] %-5level %logger{36} - %msg%n" />
		</Console>
		<File name="LogToFile" fileName="./logs/gov.usds.log">
			<PatternLayout>
				<Pattern>%d %p %c{1.} [%t] %m%n</Pattern>
			</PatternLayout>
		</File>
	</Appenders>
	<Loggers>
		<Logger name="gov.usds" level="debug" additivity="true">
			<AppenderRef ref="LogToFile" />
			<AppenderRef ref="LogToConsole" />
		</Logger>
		<Logger name="gov.usds" level="info" additivity="true">
			<AppenderRef ref="LogToFile" />
			<AppenderRef ref="LogToConsole" />
		</Logger>
		<Logger name="org.springframework.boot" level="error"
			additivity="true">
			<AppenderRef ref="LogToConsole" />
		</Logger>
		<Root level="debug">
			<AppenderRef ref="LogToFile" />
			<AppenderRef ref="LogToConsole" />
		</Root>
	</Loggers>
</Configuration>